{"v":"4.8.0","meta":{"g":"LottieFiles AE 3.5.3","a":"","k":"","d":"","tc":""},"fr":60,"ip":0,"op":180,"w":300,"h":80,"nm":"alif travel","ddd":0,"assets":[],"layers":[{"ddd":0,"ind":1,"ty":4,"nm":"plane","sr":1,"ks":{"o":{"a":0,"k":100,"ix":11},"r":{"a":1,"k":[{"i":{"x":[0.833],"y":[0.833]},"o":{"x":[0.167],"y":[0.167]},"t":0,"s":[-90]},{"i":{"x":[0.833],"y":[0.833]},"o":{"x":[0.167],"y":[0.167]},"t":12,"s":[0]},{"i":{"x":[0.833],"y":[0.833]},"o":{"x":[0.167],"y":[0.167]},"t":75,"s":[0]},{"i":{"x":[0.833],"y":[0.833]},"o":{"x":[0.167],"y":[0.167]},"t":90,"s":[90]},{"i":{"x":[0.833],"y":[0.833]},"o":{"x":[0.167],"y":[0.167]},"t":105,"s":[180]},{"i":{"x":[0.833],"y":[0.833]},"o":{"x":[0.167],"y":[0.167]},"t":164.998,"s":[180]},{"t":180,"s":[270]}],"ix":10},"p":{"a":1,"k":[{"i":{"x":0.833,"y":0.833},"o":{"x":0.167,"y":0.167},"t":0,"s":[288,40,0],"to":[0,16.569,0],"ti":[16.569,0,0]},{"i":{"x":0.833,"y":0.833},"o":{"x":0.167,"y":0.167},"t":13.656,"s":[258,70,0],"to":null,"ti":null},{"i":{"x":0.833,"y":0.833},"o":{"x":0.167,"y":0.167},"t":76.25,"s":[42,70,0],"to":[-16.569,0,0],"ti":[0,16.569,0]},{"i":{"x":0.833,"y":0.833},"o":{"x":0.167,"y":0.167},"t":89.908,"s":[12,40,0],"to":[0,-16.569,0],"ti":[-16.569,0,0]},{"i":{"x":0.833,"y":0.833},"o":{"x":0.167,"y":0.167},"t":103.566,"s":[42,10,0],"to":null,"ti":null},{"i":{"x":0.833,"y":0.833},"o":{"x":0.167,"y":0.167},"t":166.16,"s":[258,10,0],"to":[16.569,0,0],"ti":[0,-16.569,0]},{"t":179.818359375,"s":[288,40,0]}],"ix":2},"a":{"a":0,"k":[10,9,0],"ix":1},"s":{"a":0,"k":[100,100,100],"ix":6}},"ao":0,"shapes":[{"ty":"gr","it":[{"ind":0,"ty":"sh","ix":1,"ks":{"a":0,"k":{"i":[[-6.736,2.25],[-10,1.23],[-7.917,-2.25],[-2.674,-2.25],[0.799,-8.438],[1.3889999999999998,-9],[3.715,-9],[4.375,-8.648],[2.569,-2.25],[6.111,-2.25],[7.639,-4.289],[7.881999999999999,-4.5],[9.514,-4.5],[10,-4.289],[10,-3.902],[8.889,0],[10,3.867],[10,4.008],[9.792,4.5],[8.056,4.5],[7.743,4.395],[6.111,2.25],[2.569,2.25],[4.271,8.262],[4.0969999999999995,9],[1.771,9],[1.0070000000000001,8.754],[-2.674,2.25]],"o":[[-7.917,2.25],[-10,-1.266],[-6.736,-2.25],[-2.674,-2.25],[1.0070000000000001,-8.789000000000001],[1.771,-9],[4.0969999999999995,-9],[4.271,-8.297],[2.569,-2.25],[6.111,-2.25],[7.743,-4.43],[8.056,-4.5],[9.792,-4.5],[10,-4.008],[10,-3.902],[8.889,0],[10,3.867],[10,4.254],[9.514,4.5],[7.881999999999999,4.5],[7.639,4.254],[6.111,2.25],[2.569,2.25],[4.375,8.613],[3.715,9],[1.3889999999999998,9],[0.799,8.402],[-2.674,2.25]],"v":[[-6.736,2.25],[-10,0],[-6.736,-2.25],[-2.674,-2.25],[0.799,-8.438],[1.771,-9],[3.715,-9],[4.271,-8.297],[2.569,-2.25],[6.111,-2.25],[7.639,-4.289],[8.056,-4.5],[9.514,-4.5],[10,-4.008],[10,-3.902],[8.889,0],[10,3.867],[10,4.008],[9.514,4.5],[8.056,4.5],[7.639,4.254],[6.111,2.25],[2.569,2.25],[4.271,8.262],[3.715,9],[1.771,9],[0.799,8.402],[-2.674,2.25]],"c":true},"ix":2},"nm":"Path 1","mn":"ADBE Vector Shape - Group","hd":false,"_render":true},{"ty":"fl","c":{"a":0,"k":[0.6118,0.451,0.9725,1],"ix":4},"o":{"a":0,"k":100,"ix":5},"r":1,"bm":0,"nm":"Fill 1","mn":"ADBE Vector Graphic - Fill","hd":false,"_render":true},{"ty":"tr","p":{"a":0,"k":[10,9],"ix":2},"a":{"a":0,"k":[0,0],"ix":1},"s":{"a":0,"k":[100,100],"ix":3},"r":{"a":0,"k":0,"ix":6},"o":{"a":0,"k":100,"ix":7},"sk":{"a":0,"k":0,"ix":4},"sa":{"a":0,"k":0,"ix":5},"nm":"Transform","_render":true}],"nm":"Group 1","np":2,"cix":2,"bm":0,"ix":1,"mn":"ADBE Vector Group","hd":false,"_render":true}],"ip":0,"op":180,"st":0,"bm":0,"completed":true},{"ddd":0,"ind":2,"ty":4,"nm":"path","sr":1,"ks":{"o":{"a":0,"k":100,"ix":11},"r":{"a":0,"k":0,"ix":10},"p":{"a":0,"k":[150,40,0],"ix":2},"a":{"a":0,"k":[0,0,0],"ix":1},"s":{"a":0,"k":[100,100,100],"ix":6}},"ao":0,"shapes":[{"ty":"gr","it":[{"ind":0,"ty":"sh","ix":1,"ks":{"a":0,"k":{"i":[[138,-16.569],[124.569,30],[-108,30],[-138,16.569],[-124.569,-30],[108,-30]],"o":[[138,16.569],[108,30],[-124.569,30],[-138,-16.569],[-108,-30],[124.569,-30]],"v":[[138,0],[108,30],[-108,30],[-138,0],[-108,-30],[108,-30]],"c":true},"ix":2},"nm":"Path 1","mn":"ADBE Vector Shape - Group","hd":false,"_render":true},{"ty":"st","c":{"a":0,"k":[0.6118,0.451,0.9725,1],"ix":3},"o":{"a":0,"k":100,"ix":4},"w":{"a":0,"k":2,"ix":5},"lc":1,"lj":1,"ml":4,"bm":0,"nm":"Stroke 1","mn":"ADBE Vector Graphic - Stroke","hd":false,"_render":true},{"ty":"tr","p":{"a":0,"k":[0,0],"ix":2},"a":{"a":0,"k":[0,0],"ix":1},"s":{"a":0,"k":[100,100],"ix":3},"r":{"a":0,"k":0,"ix":6},"o":{"a":0,"k":99,"ix":7},"sk":{"a":0,"k":0,"ix":4},"sa":{"a":0,"k":0,"ix":5},"nm":"Transform","_render":true}],"nm":"Rectangle 1","np":3,"cix":2,"bm":0,"ix":1,"mn":"ADBE Vector Group","hd":false,"_render":true},{"ty":"tm","s":{"a":0,"k":0,"ix":1},"e":{"a":0,"k":50,"ix":2},"o":{"a":1,"k":[{"i":{"x":[0.833],"y":[0.833]},"o":{"x":[0.167],"y":[0.167]},"t":0,"s":[-180]},{"t":180,"s":[176]}],"ix":3},"m":1,"ix":2,"nm":"Trim Paths 1","mn":"ADBE Vector Filter - Trim","hd":false,"_render":true}],"ip":0,"op":180,"st":0,"bm":0,"completed":true}],"markers":[],"__complete":true}